X,Y,Confidence,SensorDate,SensorID,FieldValid,Notes,Area_m2,StaffID,EventCode,Area_ha,Staff_ID,Agency
-61.456642609789,15.6373767268687,Medium,2017/10/05,Pleiades,Not yet field validated,Dominica_AOI1_CloudObstruction,15075.8989035,HA,TC20170918DMA,1.50759,HA,UNOSAT
-61.4500875276222,15.6259331872132,Medium,2017/10/05,Pleiades,Not yet field validated,Dominica_AOI1_CloudObstruction,381343.517578,HA,TC20170918DMA,38.1344,HA,UNOSAT
-61.4409430087308,15.6311963360001,Medium,2017/10/05,Pleiades,Not yet field validated,Dominica_AOI1_CloudObstruction,146222.270769,HA,TC20170918DMA,14.6222,HA,UNOSAT
-61.4362513935277,15.6275923602852,Medium,2017/10/05,Pleiades,Not yet field validated,Dominica_AOI1_CloudObstruction,164562.469495,HA,TC20170918DMA,16.4562,HA,UNOSAT
-61.4382916499189,15.6296191521862,Medium,2017/10/05,Pleiades,Not yet field validated,Dominica_AOI1_CloudObstruction,5828.05352596,HA,TC20170918DMA,0.582805,HA,UNOSAT
-61.4384802985844,15.6276916063609,Medium,2017/10/05,Pleiades,Not yet field validated,Dominica_AOI1_CloudObstruction,1614.62702603,HA,TC20170918DMA,0.161463,HA,UNOSAT
-61.4436605934701,15.6199130066578,Medium,2017/10/05,Pleiades,Not yet field validated,Dominica_AOI1_CloudObstruction,878642.355578,HA,TC20170918DMA,87.8642,HA,UNOSAT
-61.4305536611293,15.6226234782294,Medium,2017/10/05,Pleiades,Not yet field validated,Dominica_AOI1_CloudObstruction,13888.1753338,HA,TC20170918DMA,1.38882,HA,UNOSAT
-61.4298081381993,15.6219306964225,Medium,2017/10/05,Pleiades,Not yet field validated,Dominica_AOI1_CloudObstruction,7416.90481426,HA,TC20170918DMA,0.74169,HA,UNOSAT
-61.4328796682445,15.6208333965708,Medium,2017/10/05,Pleiades,Not yet field validated,Dominica_AOI1_CloudObstruction,4908.31753013,HA,TC20170918DMA,0.490832,HA,UNOSAT
-61.4468507888877,15.6145093875527,Medium,2017/10/05,Pleiades,Not yet field validated,Dominica_AOI1_CloudObstruction,250740.510251,HA,TC20170918DMA,25.0741,HA,UNOSAT
-61.4571329498088,15.6195127425717,Medium,2017/10/05,Pleiades,Not yet field validated,Dominica_AOI1_CloudObstruction,94487.6008971,HA,TC20170918DMA,9.44876,HA,UNOSAT
-61.447372786046,15.6208819526132,Medium,2017/10/05,Pleiades,Not yet field validated,Dominica_AOI1_CloudObstruction,70041.3919734,HA,TC20170918DMA,7.00414,HA,UNOSAT
-61.4563137015076,15.6283245137102,Medium,2017/10/05,Pleiades,Not yet field validated,Dominica_AOI1_CloudObstruction,4346.67975668,HA,TC20170918DMA,0.434668,HA,UNOSAT
-61.4456512210429,15.6249386692832,Medium,2017/10/05,Pleiades,Not yet field validated,Dominica_AOI1_CloudObstruction,1675.04367195,HA,TC20170918DMA,0.167504,HA,UNOSAT
-61.4556959101544,15.6363404225766,Medium,2017/10/05,Pleiades,Not yet field validated,Dominica_AOI1_CloudObstruction,7319.51978883,HA,TC20170918DMA,0.731952,HA,UNOSAT
-61.456066369381,15.6346973580391,Medium,2017/10/05,Pleiades,Not yet field validated,Dominica_AOI1_CloudObstruction,64629.8958176,HA,TC20170918DMA,6.46299,HA,UNOSAT
-61.2972179340196,15.4307288610938,Medium,2017/10/05,Pleiades,Not yet field validated,Dominica AOI4 Cloud Obstruction,2524929.83537,AM,TC20170918DMA,252.493,AM,UNOSAT
-61.2884065744645,15.4257430430904,Medium,2017/10/05,Pleiades,Not yet field validated,Dominica AOI4 Cloud Obstruction,503137.547064,AM,TC20170918DMA,50.3138,AM,UNOSAT
-61.3118216193356,15.4447845002791,Medium,2017/10/05,Pleiades,Not yet field validated,Dominica AOI4 Cloud Obstruction,1883369.86535,AM,TC20170918DMA,188.337,AM,UNOSAT
-61.311851450169,15.4336883713712,Medium,2017/10/05,Pleiades,Not yet field validated,Dominica AOI4 Cloud Obstruction,353778.87968,AM,TC20170918DMA,35.3779,AM,UNOSAT
-61.3073062617598,15.4288223508419,Medium,2017/10/05,Pleiades,Not yet field validated,Dominica AOI4 Cloud Obstruction,54957.8911365,AM,TC20170918DMA,5.49579,AM,UNOSAT
-61.3191587455082,15.4373125625593,Medium,2017/10/05,Pleiades,Not yet field validated,Dominica AOI4 Cloud Obstruction,1289619.53822,AM,TC20170918DMA,128.962,AM,UNOSAT
-61.3076465979044,15.4227651831504,Medium,2017/10/05,Pleiades,Not yet field validated,Dominica AOI4 Cloud Obstruction,32988.0024851,AM,TC20170918DMA,3.2988,AM,UNOSAT
-61.3195295798915,15.4265953465163,Medium,2017/10/05,Pleiades,Not yet field validated,Dominica AOI4 Cloud Obstruction,994550.401588,AM,TC20170918DMA,99.455,AM,UNOSAT
-61.3153691307286,15.4292798294441,Medium,2017/10/05,Pleiades,Not yet field validated,Dominica AOI4 Cloud Obstruction,10756.6701671,AM,TC20170918DMA,1.07567,AM,UNOSAT
-61.3310186894153,15.4499460123502,Medium,2017/10/05,Pleiades,Not yet field validated,Dominica AOI4 Cloud Obstruction,606419.641896,AM,TC20170918DMA,60.642,AM,UNOSAT
-61.3428845596501,15.4531699761504,Medium,2017/10/05,Pleiades,Not yet field validated,Dominica AOI4 Cloud Obstruction,82802.7759231,AM,TC20170918DMA,8.28028,AM,UNOSAT
-61.3524380484892,15.4356051204258,Medium,2017/10/05,Pleiades,Not yet field validated,Dominica AOI4 Cloud Obstruction,81742.4384539,AM,TC20170918DMA,8.17424,AM,UNOSAT
-61.3577180394673,15.4340289716664,Medium,2017/10/05,Pleiades,Not yet field validated,Dominica AOI4 Cloud Obstruction,584782.965432,AM,TC20170918DMA,58.4783,AM,UNOSAT
-61.3561561675598,15.4506976152431,Medium,2017/10/05,Pleiades,Not yet field validated,Dominica AOI4 Cloud Obstruction,15090.9831816,AM,TC20170918DMA,1.5091,AM,UNOSAT
-61.3709069247218,15.4518460060863,Medium,2017/10/05,Pleiades,Not yet field validated,Dominica AOI4 Cloud Obstruction,179342.793649,AM,TC20170918DMA,17.9343,AM,UNOSAT
-61.3734395267776,15.4493402776773,Medium,2017/10/05,Pleiades,Not yet field validated,Dominica AOI4 Cloud Obstruction,70540.2257645,AM,TC20170918DMA,7.05402,AM,UNOSAT
-61.3804314905173,15.4552707012251,Medium,2017/10/05,Pleiades,Not yet field validated,Dominica AOI4 Cloud Obstruction,52432.1692585,AM,TC20170918DMA,5.24322,AM,UNOSAT
-61.3832171992772,15.456408241497,Medium,2017/10/05,Pleiades,Not yet field validated,Dominica AOI4 Cloud Obstruction,21922.5547147,AM,TC20170918DMA,2.19226,AM,UNOSAT
-61.3868095207046,15.4553997429824,Medium,2017/10/05,Pleiades,Not yet field validated,Dominica AOI4 Cloud Obstruction,55362.3082935,AM,TC20170918DMA,5.53623,AM,UNOSAT
-61.3901893278889,15.4533507144421,Medium,2017/10/05,Pleiades,Not yet field validated,Dominica AOI4 Cloud Obstruction,118649.19447,AM,TC20170918DMA,11.8649,AM,UNOSAT
-61.3927952138057,15.4551683718911,Medium,2017/10/05,Pleiades,Not yet field validated,Dominica AOI4 Cloud Obstruction,81916.4047802,AM,TC20170918DMA,8.19164,AM,UNOSAT
-61.3660416585659,15.4353924160301,Medium,2017/10/05,Pleiades,Not yet field validated,Dominica AOI4 Cloud Obstruction,81067.5833684,AM,TC20170918DMA,8.10676,AM,UNOSAT
-61.3779541076261,15.4331983886298,Medium,2017/10/05,Pleiades,Not yet field validated,Dominica AOI4 Cloud Obstruction,96352.0809653,AM,TC20170918DMA,9.63521,AM,UNOSAT
-61.2900311559611,15.4549451873958,Medium,2017/09/23,Pleiades,Not yet field validated,Dominica AOI4 Cloud Obstruction,69292.5871449,AM,TC20170918DMA,6.92926,AM,UNOSAT
-61.3284325321736,15.4543830835746,Medium,2017/09/23,Pleiades,Not yet field validated,Dominica AOI4 Cloud Obstruction,27933.9866769,AM,TC20170918DMA,2.7934,AM,UNOSAT
-61.3545319241518,15.4554745053802,Medium,2017/09/23,Pleiades,Not yet field validated,Dominica AOI4 Cloud Obstruction,74519.5496403,AM,TC20170918DMA,7.45195,AM,UNOSAT
-61.3444936612172,15.4553752528523,Medium,2017/09/23,Pleiades,Not yet field validated,Dominica AOI4 Cloud Obstruction,218263.667523,AM,TC20170918DMA,21.8264,AM,UNOSAT
-61.3743163936051,15.4534172026797,Medium,2017/10/05,Pleiades,Not yet field validated,Dominica AOI4 Cloud Obstruction,100237.120172,AM,TC20170918DMA,10.0237,AM,UNOSAT
-61.4127136746965,15.6075657955545,Medium,2017/09/23,Pleiades,Not yet field validated,Dominica_AOI1_CloudObstruction,673955.505385,HA,TC20170918DMA,67.3956,HA,UNOSAT
-61.408161563352,15.5311929624058,Medium,2017/09/23,Pleiades,Not yet field validated,Dominica_AOI1_CloudObstruction,52025.8749189,HA,TC20170918DMA,5.20259,HA,UNOSAT
-61.419886057498,15.5285014659539,Medium,2017/09/23,Pleiades,Not yet field validated,Dominica_AOI1_CloudObstruction,58839.19395,HA,TC20170918DMA,5.88392,HA,UNOSAT
-61.440442859025,15.5227137001572,Medium,2017/09/23,Pleiades,Not yet field validated,Dominica_AOI1_CloudObstruction,564104.348175,HA,TC20170918DMA,56.4104,HA,UNOSAT
-61.4209844480358,15.5536406305992,Medium,2017/09/23,Pleiades,Not yet field validated,Dominica_AOI1_CloudObstruction,1452267.73086,SB,TC20170918DMA,145.227,HA,UNOSAT
-61.4007332152572,15.4668701710784,Medium,2017/09/23,Pleiades,Not yet field validated,Dominica_AOI1_CloudObstruction,95657.7844849,HA,TC20170918DMA,9.56578,HA,UNOSAT
-61.3995923411358,15.4712138081896,Medium,2017/09/23,Pleiades,Not yet field validated,Dominica_AOI1_CloudObstruction,63862.1319508,HA,TC20170918DMA,6.38621,HA,UNOSAT
-61.3451139547774,15.2463341691634,Medium,2017/09/23,Pleiades,Not yet field validated,Dominica AOI3 Cloud Obstruction,5555829.45237,SB,TC20170918DMA,555.583,SB,UNOSAT
-61.3412477868666,15.2263193310687,Medium,2017/09/23,Pleiades,Not yet field validated,Dominica AOI3 Cloud Obstruction,959027.524082,SB,TC20170918DMA,95.9028,SB,UNOSAT
-61.3203700846023,15.239888999353,Medium,2017/09/23,Pleiades,Not yet field validated,Dominica AOI3 Cloud Obstruction,50736.561736,SB,TC20170918DMA,5.07366,SB,UNOSAT
-61.324969333124,15.2349767813742,Medium,2017/09/23,Pleiades,Not yet field validated,Dominica AOI3 Cloud Obstruction,254013.780656,SB,TC20170918DMA,25.4014,SB,UNOSAT
-61.3512415304727,15.2187340029019,Medium,2017/09/23,Pleiades,Not yet field validated,Dominica AOI3 Cloud Obstruction,793220.363562,SB,TC20170918DMA,79.322,SB,UNOSAT
-61.3542990738783,15.2137959360284,Medium,2017/09/23,Pleiades,Not yet field validated,Dominica AOI3 Cloud Obstruction,59888.7793342,SB,TC20170918DMA,5.98888,SB,UNOSAT
-61.3440889380615,15.2159513745304,Medium,2017/09/23,Pleiades,Not yet field validated,Dominica AOI3 Cloud Obstruction,25684.6158446,SB,TC20170918DMA,2.56846,SB,UNOSAT
-61.3356398621972,15.2462467537956,Medium,2017/09/23,Pleiades,Not yet field validated,Dominica AOI3 Cloud Obstruction,9770.77848458,SB,TC20170918DMA,0.977078,SB,UNOSAT
-61.33832800874,15.2438921347131,Medium,2017/09/23,Pleiades,Not yet field validated,Dominica AOI3 Cloud Obstruction,12419.939936,SB,TC20170918DMA,1.24199,SB,UNOSAT
-61.2676820758496,15.2901022173617,Medium,2017/09/23,Pleiades,Not yet field validated,Dominica AOI3 Cloud Obstruction,26660.207263,SB,TC20170918DMA,2.66602,SB,UNOSAT
-61.2782115523551,15.2899670343186,Medium,2017/09/23,Pleiades,Not yet field validated,Dominica AOI3 Cloud Obstruction,644207.096629,SB,TC20170918DMA,64.4207,SB,UNOSAT
-61.2628011730499,15.2900879424369,Medium,2017/09/23,Pleiades,Not yet field validated,Dominica AOI3 Cloud Obstruction,26230.8564402,SB,TC20170918DMA,2.62309,SB,UNOSAT
-61.2572215865803,15.2895608390985,Medium,2017/09/23,Pleiades,Not yet field validated,Dominica AOI3 Cloud Obstruction,332034.148845,SB,TC20170918DMA,33.2034,SB,UNOSAT
-61.2582909061971,15.2919802570291,Medium,2017/09/23,Pleiades,Not yet field validated,Dominica AOI3 Cloud Obstruction,5.14399300956,SB,TC20170918DMA,0.000514399,SB,UNOSAT
-61.2547346529893,15.2835302734953,Medium,2017/09/23,Pleiades,Not yet field validated,Dominica AOI3 Cloud Obstruction,130098.654947,SB,TC20170918DMA,13.0099,SB,UNOSAT
-61.2973510042121,15.2771453468242,Medium,2017/09/23,Pleiades,Not yet field validated,Dominica AOI3 Cloud Obstruction,14970363.3368,SB,TC20170918DMA,1497.04,SB,UNOSAT
-61.2595485189513,15.27076547582,Medium,2017/09/23,Pleiades,Not yet field validated,Dominica AOI3 Cloud Obstruction,137020.647379,SB,TC20170918DMA,13.7021,SB,UNOSAT
-61.2598197659523,15.2679586613111,Medium,2017/09/23,Pleiades,Not yet field validated,Dominica AOI3 Cloud Obstruction,28072.2696854,SB,TC20170918DMA,2.80723,SB,UNOSAT
-61.264906771542,15.2658418443003,Medium,2017/09/23,Pleiades,Not yet field validated,Dominica AOI3 Cloud Obstruction,500199.607092,SB,TC20170918DMA,50.02,SB,UNOSAT
-61.2557853473818,15.2661184387038,Medium,2017/09/23,Pleiades,Not yet field validated,Dominica AOI3 Cloud Obstruction,143442.338194,SB,TC20170918DMA,14.3442,SB,UNOSAT
-61.2630345122965,15.2583241768572,Medium,2017/09/23,Pleiades,Not yet field validated,Dominica AOI3 Cloud Obstruction,49736.49823,SB,TC20170918DMA,4.97365,SB,UNOSAT
-61.2634630793993,15.2537553779624,Medium,2017/09/23,Pleiades,Not yet field validated,Dominica AOI3 Cloud Obstruction,34653.0762597,SB,TC20170918DMA,3.46531,SB,UNOSAT
-61.2666659097427,15.2533833834079,Medium,2017/09/23,Pleiades,Not yet field validated,Dominica AOI3 Cloud Obstruction,14400.5477853,SB,TC20170918DMA,1.44005,SB,UNOSAT
-61.2652955597571,15.2497694186999,Medium,2017/09/23,Pleiades,Not yet field validated,Dominica AOI3 Cloud Obstruction,11217.9625916,SB,TC20170918DMA,1.1218,SB,UNOSAT
-61.2805397526999,15.2530932533284,Medium,2017/09/23,Pleiades,Not yet field validated,Dominica AOI3 Cloud Obstruction,172790.326379,SB,TC20170918DMA,17.279,SB,UNOSAT
-61.3463307136784,15.2767203520661,Medium,2017/09/23,Pleiades,Not yet field validated,Dominica AOI3 Cloud Obstruction,495816.618649,SB,TC20170918DMA,49.5817,SB,UNOSAT
-61.2860638851003,15.2598099781806,Medium,2017/09/23,Pleiades,Not yet field validated,Dominica AOI3 Cloud Obstruction,27023.186952,SB,TC20170918DMA,2.70232,SB,UNOSAT
-61.2866078619508,15.2905753496911,Medium,2017/09/23,Pleiades,Not yet field validated,Dominica AOI3 Cloud Obstruction,110554.839672,SB,TC20170918DMA,11.0555,SB,UNOSAT
-61.2850212533723,15.2858287048107,Medium,2017/09/23,Pleiades,Not yet field validated,Dominica AOI3 Cloud Obstruction,71528.3343254,SB,TC20170918DMA,7.15283,SB,UNOSAT
-61.2878124748545,15.2853998968767,Medium,2017/09/23,Pleiades,Not yet field validated,Dominica AOI3 Cloud Obstruction,27232.6074318,SB,TC20170918DMA,2.72326,SB,UNOSAT
-61.3415389489136,15.3766738982339,,2017/09/23,WorldView-2,,ZD020 - Void Collection Area,151414.547886,,EMSR246,15.1415,,Copernicus
-61.3303780028308,15.3743655083704,,2017/09/23,WorldView-2,,ZD020 - Void Collection Area,130258.079372,,EMSR246,13.0258,,Copernicus
-61.3756811393122,15.3660499596677,,2017/09/23,WorldView-2,,ZD020 - Void Collection Area,21577.2321844,,EMSR246,2.15772,,Copernicus
-61.3665281495738,15.3820352243203,,2017/09/23,WorldView-2,,ZD020 - Void Collection Area,15856.2482683,,EMSR246,1.58562,,Copernicus
-61.3756126158501,15.3657563264162,,2017/09/23,WorldView-2,,ZD020 - Void Collection Area,14364.1809973,,EMSR246,1.43642,,Copernicus
-61.4030452650527,15.3826153627396,,2017/09/23,WorldView-2,,ZD020 - Void Collection Area,361032.235494,,EMSR246,36.1032,,Copernicus
-61.4004152432203,15.3847560370777,,2017/09/23,WorldView-2,,ZD020 - Void Collection Area,15976.3995562,,EMSR246,1.59764,,Copernicus
-61.4047248445601,15.3734346266129,,2017/09/23,WorldView-2,,ZD020 - Void Collection Area,576976.641997,,EMSR246,57.6977,,Copernicus
-61.2690944762479,15.3375849228399,,2017/09/23,Pleiades,,ZD020 - Void Collection Area,159840.122485,,EMSR246,15.984,,Copernicus
-61.2878292594999,15.3376955794856,,2017/09/23,Pleiades,,ZD020 - Void Collection Area,289620.283625,,EMSR246,28.962,,Copernicus
-61.2617730474999,15.3410710239467,,2017/09/23,Pleiades,,ZD020 - Void Collection Area,42568.5779319,,EMSR246,4.25686,,Copernicus
-61.2675257449514,15.3430162118834,,2017/09/23,Pleiades,,ZD020 - Void Collection Area,45928.5244942,,EMSR246,4.59285,,Copernicus
-61.2884896456122,15.3436958741412,,2017/09/23,Pleiades,,ZD020 - Void Collection Area,220908.880801,,EMSR246,22.0909,,Copernicus
-61.2779482171419,15.3527052790398,,2017/09/23,Pleiades,,ZD020 - Void Collection Area,20306.6733834,,EMSR246,2.03067,,Copernicus
-61.2619198430065,15.3526136785001,,2017/09/23,Pleiades,,ZD020 - Void Collection Area,230946.203599,,EMSR246,23.0946,,Copernicus
-61.2746176594999,15.3585770413933,,2017/09/23,Pleiades,,ZD020 - Void Collection Area,7808.8375686,,EMSR246,0.780884,,Copernicus
-61.2687274869999,15.3625038223973,,2017/09/23,Pleiades,,ZD020 - Void Collection Area,21194.0052279,,EMSR246,2.1194,,Copernicus
-61.2765810494999,15.3658621851108,,2017/09/23,Pleiades,,ZD020 - Void Collection Area,6792.48839976,,EMSR246,0.679249,,Copernicus
-61.2878659584999,15.3627607750603,,2017/09/23,Pleiades,,ZD020 - Void Collection Area,483548.073004,,EMSR246,48.3548,,Copernicus
-61.2934166959104,15.3728901690465,,2017/09/23,Pleiades,,ZD020 - Void Collection Area,5464.1202015,,EMSR246,0.546412,,Copernicus
-61.2936828789465,15.3797523620535,,2017/09/23,Pleiades,,ZD020 - Void Collection Area,13951.8533423,,EMSR246,1.39519,,Copernicus
-61.2850583470572,15.3800278964487,,2017/09/23,Pleiades,,ZD020 - Void Collection Area,8607.97318839,,EMSR246,0.860797,,Copernicus
-61.292462464171,15.2944639339539,,2017/09/23,Pleiades,,Dominica AOI3 Cloud Obstruction,15547.8942447,,EMSR246,1.55479,,Copernicus
-61.2915908953745,15.2951246608893,,2017/09/23,Pleiades,,Dominica AOI3 Cloud Obstruction,5498.12617197,,EMSR246,0.549813,,Copernicus
-61.2749295997485,15.2948865321017,,2017/09/23,Pleiades,,Dominica AOI3 Cloud Obstruction,100577.749304,,EMSR246,10.0578,,Copernicus
-61.257827770055,15.2958589919371,,2017/09/23,Pleiades,,Dominica AOI3 Cloud Obstruction,18439.6815025,,EMSR246,1.84397,,Copernicus
-61.2934808883742,15.3003546671069,,2017/09/23,Pleiades,,Dominica AOI3 Cloud Obstruction,11308.0858503,,EMSR246,1.13081,,Copernicus
-61.2873430288906,15.3007394439549,,2017/09/23,Pleiades,,Dominica AOI3 Cloud Obstruction,674023.28848,,EMSR246,67.4023,,Copernicus
-61.2587728392814,15.3097304653575,,2017/09/23,Pleiades,,Dominica AOI3 Cloud Obstruction,5601.96238049,,EMSR246,0.560196,,Copernicus
-61.2672962308425,15.311877885833,,2017/09/23,Pleiades,,Dominica AOI3 Cloud Obstruction,32074.6616573,,EMSR246,3.20747,,Copernicus
-61.2657915763427,15.3140064208194,,2017/09/23,Pleiades,,Dominica AOI3 Cloud Obstruction,12323.9987287,,EMSR246,1.2324,,Copernicus
-61.2612686569496,15.3152734115535,,2017/09/23,Pleiades,,Dominica AOI3 Cloud Obstruction,6153.98417265,,EMSR246,0.615398,,Copernicus
-61.2728928109855,15.3156395470145,,2017/09/23,Pleiades,,Dominica AOI3 Cloud Obstruction,6554.02803654,,EMSR246,0.655403,,Copernicus
-61.2941772526463,15.3161175472233,,2017/09/23,Pleiades,,Dominica AOI3 Cloud Obstruction,11203.2153259,,EMSR246,1.12032,,Copernicus
-61.2790031760095,15.3209975849904,,2017/09/23,Pleiades,,Dominica AOI3 Cloud Obstruction,15708.383879,,EMSR246,1.57084,,Copernicus
-61.2833886934999,15.3215484225583,,2017/09/23,Pleiades,,Dominica AOI3 Cloud Obstruction,6697.81697925,,EMSR246,0.669782,,Copernicus
-61.2835905369499,15.3231444704984,,2017/09/23,Pleiades,,Dominica AOI3 Cloud Obstruction,5881.55020122,,EMSR246,0.588155,,Copernicus
-61.2790765734296,15.3243006319495,,2017/09/23,Pleiades,,Dominica AOI3 Cloud Obstruction,180303.512825,,EMSR246,18.0304,,Copernicus
-61.2807555179222,15.3317874125487,,2017/09/23,Pleiades,,Dominica AOI3 Cloud Obstruction,238806.313726,,EMSR246,23.8806,,Copernicus
-61.2857647270823,15.3332908604467,,2017/09/23,Pleiades,,Dominica AOI3 Cloud Obstruction,117366.214132,,EMSR246,11.7366,,Copernicus
-61.3304456937405,15.2988544820286,,2017/09/23,Pleiades,,Dominica AOI3 Cloud Obstruction,12407.4049184,,EMSR246,1.24074,,Copernicus
-61.3274159658419,15.3001660479832,,2017/09/23,Pleiades,,Dominica AOI3 Cloud Obstruction,3448.84877775,,EMSR246,0.344885,,Copernicus
-61.3235957917935,15.3132792525673,,2017/09/23,Pleiades,,Dominica AOI3 Cloud Obstruction,25181.6353826,,EMSR246,2.51816,,Copernicus
-61.3207197470309,15.3162169089233,,2017/09/23,Pleiades,,Dominica AOI3 Cloud Obstruction,125803.589277,,EMSR246,12.5804,,Copernicus
-61.3400317669971,15.2937558398918,,2017/09/23,Pleiades,,Dominica AOI3 Cloud Obstruction,1593.08242932,,EMSR246,0.159308,,Copernicus
-61.3100950254744,15.3404895569951,,,,,Not Analyzed,19305294.5416,,EMSR246,1930.53,,Copernicus
-61.2622096085768,15.486234913747,Medium,2017/09/23,Pleiades,Not yet field validated,Dominica AOI2 Cloud Obstruction,46887.2514351,AM,TC20170918DMA,4.68872,AM,UNOSAT
-61.2612021833805,15.4756277710051,Medium,2017/09/23,Pleiades,Not yet field validated,Dominica AOI2 Cloud Obstruction,45202.6440049,AM,TC20170918DMA,4.52026,AM,UNOSAT
-61.2660786058483,15.4720987899252,Medium,2017/09/23,Pleiades,Not yet field validated,Dominica AOI2 Cloud Obstruction,8318.55414591,AM,TC20170918DMA,0.831855,AM,UNOSAT
-61.2682565620957,15.4706019432063,Medium,2017/09/23,Pleiades,Not yet field validated,Dominica AOI2 Cloud Obstruction,63087.0853488,AM,TC20170918DMA,6.30871,AM,UNOSAT
-61.2684250097378,15.4734967008296,Medium,2017/09/23,Pleiades,Not yet field validated,Dominica AOI2 Cloud Obstruction,56722.4790997,AM,TC20170918DMA,5.67225,AM,UNOSAT
-61.2658461734238,15.4655194513109,Medium,2017/09/23,Pleiades,Not yet field validated,Dominica AOI2 Cloud Obstruction,23341.0253249,AM,TC20170918DMA,2.3341,AM,UNOSAT
-61.2683786176948,15.4612161336965,Medium,2017/09/23,Pleiades,Not yet field validated,Dominica AOI2 Cloud Obstruction,75276.018047,AM,TC20170918DMA,7.5276,AM,UNOSAT
-61.2744467792973,15.4786164150868,Medium,2017/09/23,Pleiades,Not yet field validated,Dominica AOI2 Cloud Obstruction,1309856.91672,AM,TC20170918DMA,130.986,AM,UNOSAT
-61.2823153232678,15.4874492495441,Medium,2017/09/23,Pleiades,Not yet field validated,Dominica AOI2 Cloud Obstruction,22908.7111482,AM,TC20170918DMA,2.29087,AM,UNOSAT
-61.283621608189,15.484731049991,Medium,2017/09/23,Pleiades,Not yet field validated,Dominica AOI2 Cloud Obstruction,78062.5293374,AM,TC20170918DMA,7.80625,AM,UNOSAT
-61.2770351416261,15.469447664093,Medium,2017/09/23,Pleiades,Not yet field validated,Dominica AOI2 Cloud Obstruction,66257.6602138,AM,TC20170918DMA,6.62577,AM,UNOSAT
-61.2798761754947,15.4684499533591,Medium,2017/09/23,Pleiades,Not yet field validated,Dominica AOI2 Cloud Obstruction,21834.1215406,AM,TC20170918DMA,2.18341,AM,UNOSAT
-61.2762541755256,15.4661096840032,Medium,2017/09/23,Pleiades,Not yet field validated,Dominica AOI2 Cloud Obstruction,13108.1859547,AM,TC20170918DMA,1.31082,AM,UNOSAT
-61.277904221961,15.4660555632307,Medium,2017/09/23,Pleiades,Not yet field validated,Dominica AOI2 Cloud Obstruction,6255.43478915,AM,TC20170918DMA,0.625543,AM,UNOSAT
-61.2764528889807,15.4638308794234,Medium,2017/09/23,Pleiades,Not yet field validated,Dominica AOI2 Cloud Obstruction,17242.3131726,AM,TC20170918DMA,1.72423,AM,UNOSAT
-61.2849751394402,15.4604754620993,Medium,2017/09/23,Pleiades,Not yet field validated,Dominica AOI2 Cloud Obstruction,1237482.7972,AM,TC20170918DMA,123.748,AM,UNOSAT
-61.2817556285867,15.476848388697,Medium,2017/09/23,Pleiades,Not yet field validated,Dominica AOI2 Cloud Obstruction,7709.26052931,AM,TC20170918DMA,0.770926,AM,UNOSAT
-61.2863230452195,15.4748287535491,Medium,2017/09/23,Pleiades,Not yet field validated,Dominica AOI2 Cloud Obstruction,8508.39648051,AM,TC20170918DMA,0.85084,AM,UNOSAT
-61.2974633007518,15.4752258072928,Medium,2017/09/23,Pleiades,Not yet field validated,Dominica AOI2 Cloud Obstruction,3462262.98085,AM,TC20170918DMA,346.226,AM,UNOSAT
-61.3174298807419,15.4842822579672,Medium,2017/09/23,Pleiades,Not yet field validated,Dominica AOI2 Cloud Obstruction,8828.17027669,AM,TC20170918DMA,0.882817,AM,UNOSAT
-61.3555056723595,15.4911340884501,Medium,2017/09/23,Pleiades,Not yet field validated,Dominica AOI2 Cloud Obstruction,7564.70275661,AM,TC20170918DMA,0.75647,AM,UNOSAT
-61.3578354378121,15.4892145109397,Medium,2017/09/23,Pleiades,Not yet field validated,Dominica AOI2 Cloud Obstruction,35622.4041276,AM,TC20170918DMA,3.56224,AM,UNOSAT
-61.304427488399,15.4571209674098,Medium,2017/09/23,Pleiades,Not yet field validated,Dominica AOI2 Cloud Obstruction,50826.4459766,AM,TC20170918DMA,5.08264,AM,UNOSAT
-61.3138804485029,15.4701669127734,Medium,2017/09/23,Pleiades,Not yet field validated,Dominica AOI2 Cloud Obstruction,69184.0694084,AM,TC20170918DMA,6.91841,AM,UNOSAT
-61.3208688327117,15.4721301536268,Medium,2017/09/23,Pleiades,Not yet field validated,Dominica AOI2 Cloud Obstruction,67034.6788389,AM,TC20170918DMA,6.70347,AM,UNOSAT
-61.3184037955361,15.4651803758026,Medium,2017/09/23,Pleiades,Not yet field validated,Dominica AOI2 Cloud Obstruction,9940.41278485,AM,TC20170918DMA,0.994041,AM,UNOSAT
-61.319831774607,15.4646711607381,Medium,2017/09/23,Pleiades,Not yet field validated,Dominica AOI2 Cloud Obstruction,12828.9199958,AM,TC20170918DMA,1.28289,AM,UNOSAT
-61.2819537316087,15.5012292670431,Medium,2017/09/23,Pleiades,Not yet field validated,Dominica AOI2 Cloud Obstruction,270657.805048,AM,TC20170918DMA,27.0658,AM,UNOSAT
-61.291137170149,15.5025174932377,Medium,2017/09/23,Pleiades,Not yet field validated,Dominica AOI2 Cloud Obstruction,21273.7598691,AM,TC20170918DMA,2.12738,AM,UNOSAT
-61.2899474313247,15.5079892944176,Medium,2017/09/23,Pleiades,Not yet field validated,Dominica AOI2 Cloud Obstruction,17898.3372337,AM,TC20170918DMA,1.78983,AM,UNOSAT
-61.2777300742515,15.491322586006,Medium,2017/09/23,Pleiades,Not yet field validated,Dominica AOI2 Cloud Obstruction,28076.3380329,AM,TC20170918DMA,2.80763,AM,UNOSAT
-61.2914692425808,15.4938437318752,Medium,2017/09/23,Pleiades,Not yet field validated,Dominica AOI2 Cloud Obstruction,32091.2867303,AM,TC20170918DMA,3.20913,AM,UNOSAT
-61.2949883442716,15.4959487341274,Medium,2017/09/23,Pleiades,Not yet field validated,Dominica AOI2 Cloud Obstruction,14178.9186909,AM,TC20170918DMA,1.41789,AM,UNOSAT
-61.3038033958814,15.4938021580501,Medium,2017/09/23,Pleiades,Not yet field validated,Dominica AOI2 Cloud Obstruction,153264.026564,AM,TC20170918DMA,15.3264,AM,UNOSAT
-61.297434828079,15.5118980176137,Medium,2017/09/23,Pleiades,Not yet field validated,Dominica AOI2 Cloud Obstruction,901829.396492,AM,TC20170918DMA,90.1829,AM,UNOSAT
-61.3078620832493,15.5199789845144,Medium,2017/09/23,Pleiades,Not yet field validated,Dominica AOI2 Cloud Obstruction,691243.024948,AM,TC20170918DMA,69.1243,AM,UNOSAT
-61.330150942907,15.5121538766562,Medium,2017/09/23,Pleiades,Not yet field validated,Dominica AOI2 Cloud Obstruction,1024838.59134,AM,TC20170918DMA,102.484,AM,UNOSAT
-61.3160510084368,15.5165349052248,Medium,2017/09/23,Pleiades,Not yet field validated,Dominica AOI2 Cloud Obstruction,111250.881187,AM,TC20170918DMA,11.1251,AM,UNOSAT
-61.3169948531237,15.5192686516076,Medium,2017/09/23,Pleiades,Not yet field validated,Dominica AOI2 Cloud Obstruction,21351.1035143,AM,TC20170918DMA,2.13511,AM,UNOSAT
-61.3340547849847,15.5212845921097,Medium,2017/09/23,Pleiades,Not yet field validated,Dominica AOI2 Cloud Obstruction,151529.369614,AM,TC20170918DMA,15.1529,AM,UNOSAT
-61.3421415609336,15.5176143666957,Medium,2017/09/23,Pleiades,Not yet field validated,Dominica AOI2 Cloud Obstruction,742313.02147,AM,TC20170918DMA,74.2313,AM,UNOSAT
-61.3419740154667,15.525308839874,Medium,2017/09/23,Pleiades,Not yet field validated,Dominica AOI2 Cloud Obstruction,522415.521746,AM,TC20170918DMA,52.2416,AM,UNOSAT
-61.3493629266621,15.5122347221837,Medium,2017/09/23,Pleiades,Not yet field validated,Dominica AOI2 Cloud Obstruction,14771.2672455,AM,TC20170918DMA,1.47713,AM,UNOSAT
-61.3502063708129,15.506226876656,Medium,2017/09/23,Pleiades,Not yet field validated,Dominica AOI2 Cloud Obstruction,120754.964928,AM,TC20170918DMA,12.0755,AM,UNOSAT
-61.3373980338739,15.5083173868399,Medium,2017/09/23,Pleiades,Not yet field validated,Dominica AOI2 Cloud Obstruction,29463.8657249,AM,TC20170918DMA,2.94639,AM,UNOSAT
-61.3434323764229,15.5104815702577,Medium,2017/09/23,Pleiades,Not yet field validated,Dominica AOI2 Cloud Obstruction,7694.78871556,AM,TC20170918DMA,0.769479,AM,UNOSAT
-61.3292382981795,15.4807930472575,Medium,2017/09/23,Pleiades,Not yet field validated,Dominica AOI2 Cloud Obstruction,14781080.7552,AM,TC20170918DMA,1478.11,AM,UNOSAT
-61.3432017380155,15.4977943085655,Medium,2017/09/23,Pleiades,Not yet field validated,Dominica AOI2 Cloud Obstruction,27579.9479693,AM,TC20170918DMA,2.75799,AM,UNOSAT
-61.3142565119888,15.5014344373417,Medium,2017/09/23,Pleiades,Not yet field validated,Dominica AOI2 Cloud Obstruction,37413.0291973,AM,TC20170918DMA,3.7413,AM,UNOSAT
-61.3114673197737,15.5004198740916,Medium,2017/09/23,Pleiades,Not yet field validated,Dominica AOI2 Cloud Obstruction,18911.6755252,AM,TC20170918DMA,1.89117,AM,UNOSAT
-61.3097905045356,15.4983729044568,Medium,2017/09/23,Pleiades,Not yet field validated,Dominica AOI2 Cloud Obstruction,10692.9884893,AM,TC20170918DMA,1.0693,AM,UNOSAT
-61.3102939156872,15.492591664196,Medium,2017/09/23,Pleiades,Not yet field validated,Dominica AOI2 Cloud Obstruction,14559.6020826,AM,TC20170918DMA,1.45596,AM,UNOSAT
-61.3103790133206,15.4960371394633,Medium,2017/09/23,Pleiades,Not yet field validated,Dominica AOI2 Cloud Obstruction,8179.17623646,AM,TC20170918DMA,0.817918,AM,UNOSAT
-61.3718975792111,15.4975109605939,Medium,2017/09/23,Pleiades,Not yet field validated,Dominica AOI2 Cloud Obstruction,356080.842662,AM,TC20170918DMA,35.6081,AM,UNOSAT
-61.3744322212236,15.4535978618406,Medium,2017/09/23,Pleiades,Not yet field validated,Dominica AOI4 Cloud Obstruction,339870.141193,AM,TC20170918DMA,33.987,AM,UNOSAT
-61.3725096456376,15.5076598901472,Medium,2017/09/23,Pleiades,Not yet field validated,Dominica AOI2 Cloud Obstruction,732267.393393,AM,TC20170918DMA,73.2267,AM,UNOSAT
-61.3754049920203,15.4830418486305,Medium,2017/09/23,Pleiades,Not yet field validated,Dominica AOI2 Cloud Obstruction,457432.016308,AM,TC20170918DMA,45.7432,AM,UNOSAT
-61.3792460461901,15.5103812114413,Medium,2017/09/23,Pleiades,Not yet field validated,Dominica AOI2 Cloud Obstruction,64452.5129943,AM,TC20170918DMA,6.44525,AM,UNOSAT
